{
  "base_config": "experiments/kodate/0013_no_duplicate_unit_id/config.json",
  "metric": "mape",
  "best_value": 0.20943718653376356,
  "best_trial_number": 0,
  "best_params": {
    "learning_rate": 0.047377279007281566,
    "num_leaves": 495,
    "max_depth": 14,
    "min_data_in_leaf": 289,
    "feature_fraction": 0.608233797718321,
    "bagging_fraction": 0.9879639408647978,
    "bagging_freq": 6,
    "lambda_l1": 0.00018794668241638458,
    "lambda_l2": 0.00012329623163659834,
    "min_gain_to_split": 0.09170225492671691
  },
  "n_completed_trials": 5,
  "trials": [
    {
      "number": 0,
      "value": 0.20943718653376356,
      "params": {
        "learning_rate": 0.047377279007281566,
        "num_leaves": 495,
        "max_depth": 14,
        "min_data_in_leaf": 289,
        "feature_fraction": 0.608233797718321,
        "bagging_fraction": 0.9879639408647978,
        "bagging_freq": 6,
        "lambda_l1": 0.00018794668241638458,
        "lambda_l2": 0.00012329623163659834,
        "min_gain_to_split": 0.09170225492671691
      },
      "state": "TrialState.COMPLETE",
      "user_attrs": {
        "experiment_name": null,
        "fold_metrics": [
          {
            "fold": 1,
            "rows_train": 84884,
            "rows_valid": 21221,
            "best_iteration": 219,
            "mape": 0.20943718653376356,
            "mae": 4753171.472098437,
            "rmse": 8577464.054837162,
            "train_time_sec": 4.398380041995551
          }
        ],
        "lightgbm_params": {
          "objective": "regression",
          "metric": "l2",
          "learning_rate": 0.047377279007281566,
          "num_leaves": 495,
          "max_depth": 14,
          "feature_fraction": 0.608233797718321,
          "bagging_fraction": 0.9879639408647978,
          "bagging_freq": 6,
          "min_data_in_leaf": 289,
          "lambda_l1": 0.00018794668241638458,
          "lambda_l2": 0.00012329623163659834,
          "seed": 42,
          "verbosity": -1,
          "min_gain_to_split": 0.09170225492671691,
          "feature_pre_filter": false
        },
        "metric_value": 0.20943718653376356
      }
    },
    {
      "number": 1,
      "value": 0.2095166257199768,
      "params": {
        "learning_rate": 0.04029695576831731,
        "num_leaves": 295,
        "max_depth": 8,
        "min_data_in_leaf": 319,
        "feature_fraction": 0.6798695128633439,
        "bagging_fraction": 0.8056937753654446,
        "bagging_freq": 5,
        "lambda_l1": 1.8997763474111268e-05,
        "lambda_l2": 0.04418441521199719,
        "min_gain_to_split": 0.08526206184364576
      },
      "state": "TrialState.COMPLETE",
      "user_attrs": {
        "experiment_name": null,
        "fold_metrics": [
          {
            "fold": 1,
            "rows_train": 84884,
            "rows_valid": 21221,
            "best_iteration": 515,
            "mape": 0.2095166257199768,
            "mae": 4742006.198870766,
            "rmse": 8474238.76928547,
            "train_time_sec": 6.508907790994272
          }
        ],
        "lightgbm_params": {
          "objective": "regression",
          "metric": "l2",
          "learning_rate": 0.04029695576831731,
          "num_leaves": 295,
          "max_depth": 8,
          "feature_fraction": 0.6798695128633439,
          "bagging_fraction": 0.8056937753654446,
          "bagging_freq": 5,
          "min_data_in_leaf": 319,
          "lambda_l1": 1.8997763474111268e-05,
          "lambda_l2": 0.04418441521199719,
          "seed": 42,
          "verbosity": -1,
          "min_gain_to_split": 0.08526206184364576,
          "feature_pre_filter": false
        },
        "metric_value": 0.2095166257199768
      }
    },
    {
      "number": 2,
      "value": 0.21452713540450047,
      "params": {
        "learning_rate": 0.023231731978492907,
        "num_leaves": 495,
        "max_depth": -1,
        "min_data_in_leaf": 208,
        "feature_fraction": 0.6137554084460873,
        "bagging_fraction": 0.9637281608315128,
        "bagging_freq": 2,
        "lambda_l1": 0.0944351568796268,
        "lambda_l2": 0.0007417652034871827,
        "min_gain_to_split": 0.2600340105889054
      },
      "state": "TrialState.COMPLETE",
      "user_attrs": {
        "experiment_name": null,
        "fold_metrics": [
          {
            "fold": 1,
            "rows_train": 84884,
            "rows_valid": 21221,
            "best_iteration": 359,
            "mape": 0.21452713540450047,
            "mae": 4880293.040864051,
            "rmse": 8880108.066241661,
            "train_time_sec": 6.433800541999517
          }
        ],
        "lightgbm_params": {
          "objective": "regression",
          "metric": "l2",
          "learning_rate": 0.023231731978492907,
          "num_leaves": 495,
          "max_depth": -1,
          "feature_fraction": 0.6137554084460873,
          "bagging_fraction": 0.9637281608315128,
          "bagging_freq": 2,
          "min_data_in_leaf": 208,
          "lambda_l1": 0.0944351568796268,
          "lambda_l2": 0.0007417652034871827,
          "seed": 42,
          "verbosity": -1,
          "min_gain_to_split": 0.2600340105889054,
          "feature_pre_filter": false
        },
        "metric_value": 0.21452713540450047
      }
    },
    {
      "number": 3,
      "value": 0.2140054680659029,
      "params": {
        "learning_rate": 0.07042717610935736,
        "num_leaves": 143,
        "max_depth": -1,
        "min_data_in_leaf": 94,
        "feature_fraction": 0.6180909155642152,
        "bagging_fraction": 0.7301321323053057,
        "bagging_freq": 3,
        "lambda_l1": 0.0004247116662617141,
        "lambda_l2": 0.9384800715909521,
        "min_gain_to_split": 0.17837666334679464
      },
      "state": "TrialState.COMPLETE",
      "user_attrs": {
        "experiment_name": null,
        "fold_metrics": [
          {
            "fold": 1,
            "rows_train": 84884,
            "rows_valid": 21221,
            "best_iteration": 187,
            "mape": 0.2140054680659029,
            "mae": 4868201.539548048,
            "rmse": 8789402.7659865,
            "train_time_sec": 3.07048120899708
          }
        ],
        "lightgbm_params": {
          "objective": "regression",
          "metric": "l2",
          "learning_rate": 0.07042717610935736,
          "num_leaves": 143,
          "max_depth": -1,
          "feature_fraction": 0.6180909155642152,
          "bagging_fraction": 0.7301321323053057,
          "bagging_freq": 3,
          "min_data_in_leaf": 94,
          "lambda_l1": 0.0004247116662617141,
          "lambda_l2": 0.9384800715909521,
          "seed": 42,
          "verbosity": -1,
          "min_gain_to_split": 0.17837666334679464,
          "feature_pre_filter": false
        },
        "metric_value": 0.2140054680659029
      }
    },
    {
      "number": 4,
      "value": null,
      "params": {
        "learning_rate": 0.03819130560209075,
        "num_leaves": 303,
        "max_depth": 10,
        "min_data_in_leaf": 330,
        "feature_fraction": 0.8827429375390469,
        "bagging_fraction": 0.8916028672163949,
        "bagging_freq": 6,
        "lambda_l1": 2.781428564375753e-05,
        "lambda_l2": 0.0014151235919053699,
        "min_gain_to_split": 0.05793452976256486
      },
      "state": "TrialState.FAIL",
      "user_attrs": {}
    }
  ]
}